#{"t_start": 1683933874.448491, "env_id": "RobotEnv-v0"}
r,l,t
-265.967698,500,165.657807
-267.082335,500,330.784067
-330.511686,500,496.302985
-265.181818,500,660.387827
-187.960899,500,825.711604
-266.030925,500,990.738848
-220.793762,500,1155.53403
-294.668961,500,1321.237783
-216.232058,500,1485.836392
-177.680419,500,1650.790533
-179.792894,500,1815.81514
-188.933073,500,1982.75
-211.791012,500,2148.644518
-212.775076,500,2313.586538
-117.118852,500,2479.104142
-186.918714,500,2643.334446
-137.20808,500,2808.805775
-180.573161,500,2973.258989
-210.870272,500,3138.292499
-165.22055,500,3303.046899
-156.20037,500,3468.360828
-146.967437,500,3633.855748
-237.892482,500,3799.113778
-184.73994,500,3964.171747
-145.468518,500,4136.062397
-162.15529,500,4314.510366
-132.665422,500,4507.449986
-166.515427,500,4721.953378
-180.040139,500,4940.126411
-140.01433,500,5156.055473
-140.41585,500,5371.023885
-92.83738,500,5586.768071
-86.071271,500,5804.791423
-173.330929,500,6020.708666
-134.689044,500,6232.420237
-99.492501,500,6449.519117
-95.530134,500,6666.718362
-114.865988,500,6886.405796
-88.194914,500,7104.112302
-130.728411,500,7318.792263
-163.322291,500,7532.670559
-70.462028,500,7737.479401
-75.007708,500,7951.08165
-58.596689,500,8167.894285
-53.953306,500,8382.212565
-58.123215,500,8596.767399
-54.124294,500,8814.036213
-50.06557,500,9026.161551
-57.066978,500,9241.809498
-53.950104,500,9433.968503
-43.723621,500,9650.258549
-46.132969,500,9860.371384
-53.491552,500,10074.664145
-43.075762,500,10286.236547
-44.093378,500,10496.798552
-45.462524,500,10711.764041
-54.933275,500,10919.696672
-48.303229,500,11128.798818
-45.57001,500,11345.949422
-42.4839,500,11551.96415
-43.405517,500,11751.597077
-40.656052,500,11963.482028
-36.767989,500,12177.740708
-43.169273,500,12387.282212
-31.42049,500,12603.800619
-31.52657,500,12813.58098
-26.298704,500,13024.165445
-25.635521,500,13239.489489
-26.926747,500,13450.876826
-35.338308,500,13665.72685
-38.719917,500,13876.270331
-27.718544,500,14084.824436
-21.790463,500,14288.33127
-28.217574,500,14501.315799
-43.577139,500,14717.484601
-22.359546,500,14932.475873
166.607673,134,14990.634677
187.771466,162,15060.45454
183.527697,321,15196.422327
-22.95938,500,15411.66227
-71.171295,500,15625.296599
-35.864771,500,15839.503379
182.195059,204,15927.862326
176.790767,235,16029.466722
173.932218,382,16191.779448
185.16945,242,16296.747548
181.448454,184,16377.209815
183.931605,188,16458.272444
186.870964,187,16537.253792
187.318225,87,16576.192549
184.210055,314,16713.627198
187.355783,66,16742.342061
187.170857,207,16829.330679
165.707305,93,16865.168511
183.357729,57,16887.142131
188.460992,46,16904.582811
184.51925,43,16921.937887
186.231689,48,16942.754023
169.010108,68,16972.207783
186.339117,80,17007.509274
187.390957,39,17024.375742
189.513115,39,17040.998295
182.586108,47,17061.641756
188.74784,71,17092.876096
189.060922,36,17108.469559
185.372865,44,17127.826265
182.63358,86,17165.767449
186.026867,73,17197.433549
170.417112,88,17233.553692
132.21464,129,17290.008941
185.574751,58,17315.27107
189.431697,112,17363.86013
187.747647,59,17389.316705
164.010889,89,17428.061635
187.727895,39,17444.938287
165.233513,73,17477.543046
185.573105,40,17495.2263
186.798176,39,17512.061312
185.565468,52,17533.431624
166.755775,74,17565.327429
187.338669,46,17585.451058
188.998477,39,17602.121407
156.295821,95,17644.253332
185.29601,42,17662.994651
187.857181,40,17680.040009
181.550562,51,17702.067804
186.169116,43,17720.718304
152.303286,89,17759.38034
189.388704,37,17775.622026
184.835784,49,17797.106128
188.208954,37,17813.176438
184.806527,43,17832.14227
187.961532,39,17849.063336
184.98646,42,17865.1244
182.203879,49,17886.787623
173.930094,57,17911.503048
184.834512,44,17930.66295
186.900727,40,17948.483463
184.721878,42,17967.139302
179.274746,51,17989.447171
188.326107,37,18005.398596
185.503827,40,18022.917215
154.580848,89,18061.703695
186.533175,39,18079.138901
183.018827,46,18099.27828
185.106026,41,18117.115243
176.847366,62,18144.144797
185.636416,41,18162.284203
164.276071,73,18191.755108
187.983523,46,18212.342923
181.701623,50,18234.201982
186.091933,46,18254.398198
187.296937,37,18270.326555
186.876986,46,18289.893274
109.955351,151,18355.241102
155.136568,90,18395.063788
188.899993,36,18411.027475
184.82352,41,18428.734148
187.69966,42,18447.271293
180.007466,49,18468.420157
183.227571,44,18487.582275
184.805652,40,18505.140399
171.297527,66,18531.534781
177.304841,51,18553.647982
180.47209,52,18576.546288
180.614517,51,18598.74157
184.855645,44,18617.745229
188.722136,37,18634.001906
186.408601,40,18651.005055
172.373462,56,18675.404333
185.563896,41,18692.840718
173.768841,59,18718.801583
180.743863,48,18739.914115
187.741362,39,18756.950499
186.235343,41,18774.810314
186.398847,41,18792.654331
185.338824,41,18810.766765
187.281597,40,18828.810232
187.837167,39,18844.667631
184.5506,44,18862.685107
177.710375,50,18884.177951
185.495805,44,18903.769033
176.543066,55,18927.833772
180.521711,47,18948.460814
182.295764,46,18968.79917
181.332579,47,18989.533418
184.546979,46,19009.667192
185.219055,44,19028.946305
185.014553,43,19047.542258
184.66684,43,19066.375146
185.11984,47,19086.62263
180.685341,48,19107.154311
187.759373,39,19124.36853
175.498587,57,19149.39148
185.739899,41,19167.922179
187.211669,40,19183.152821
182.680653,49,19204.849348
187.429847,38,19221.223397
187.868734,38,19237.899953
183.84344,45,19258.192675
184.681374,42,19276.691739
169.158265,100,19321.852172
-50.819645,500,19535.376246
186.14501,45,19554.992508
186.446555,40,19572.210811
-64.009234,500,19788.536551
-62.925434,500,19993.607662
-64.392638,500,20210.295143
-55.848151,500,20424.957572
-45.922167,500,20639.700351
-37.76702,500,20856.514579
-56.023673,500,21071.812821
178.973368,396,21242.610081
-51.429596,500,21459.401522
161.971173,184,21538.101152
174.449847,70,21568.408137
182.719134,58,21593.380094
188.386646,69,21623.289478
185.746714,61,21650.107156
185.642299,43,21668.818556
182.560708,52,21691.878098
185.175457,43,21710.849323
185.323709,47,21731.310819
187.438422,43,21750.566465
182.593868,61,21777.189051
186.38057,45,21796.58311
186.18419,43,21815.671073
188.443401,45,21835.207336
186.443513,47,21854.049037
-105.093097,500,22071.160214
161.19124,101,22114.808977
-123.455217,500,22330.101952
-131.08321,500,22545.587485
185.853976,46,22565.595012
189.393379,36,22581.361589
156.628129,95,22622.581958
172.437716,63,22649.813621
161.702414,79,22684.031162
186.187913,41,22701.843084
187.761301,39,22718.941835
186.502704,44,22737.890965
184.733258,43,22756.654287
185.030418,44,22775.979465
187.512645,41,22793.694863
178.685693,58,22818.842295
188.345365,37,22833.466069
188.729534,39,22850.09036
148.362446,114,22899.686327
186.598479,39,22916.704347
186.473873,41,22934.499053
187.842735,39,22951.840686
147.460713,123,23008.798074
133.528607,170,23083.111078
187.042065,42,23101.538828
189.30633,37,23117.903616
187.632848,39,23134.925618
178.067369,60,23161.030641
159.141831,83,23195.687002
159.134513,83,23227.757213
186.766185,42,23243.950606
184.863353,51,23263.069502
188.488021,39,23279.378314
185.391227,45,23299.270792
186.206346,42,23317.867349
184.499534,47,23338.401947
173.813742,60,23364.313294
187.942334,39,23381.3601
189.03818,37,23397.234645
188.097443,41,23415.44509
183.747616,45,23434.8554
184.425655,46,23455.25792
172.287053,79,23489.265712
186.48138,41,23507.179493
186.829852,43,23525.92215
135.134869,139,23584.669452
166.30435,96,23626.495465
170.466565,74,23658.892931
-197.703033,500,23875.419626
78.723292,316,24011.564203
186.412688,39,24028.259736
185.545202,42,24046.440613
187.264826,41,24064.318754
181.551203,46,24084.231142
189.363612,37,24100.404337
188.841637,36,24116.148788
188.13116,38,24132.666307
186.868025,39,24149.602164
183.207105,45,24169.698229
188.602597,37,24186.006987
187.413806,39,24203.255244
186.840088,39,24218.748224
187.767129,39,24236.101395
184.756013,43,24254.997314
183.708764,43,24273.680198
185.151375,43,24292.627085
188.179789,41,24310.38222
188.181824,38,24327.580034
188.805925,38,24343.969979
189.210358,36,24359.874296
188.891902,38,24376.369935
185.198819,43,24395.235772
186.605868,39,24411.926215
185.55985,43,24430.966359
183.160352,43,24449.672803
189.011512,37,24465.945637
189.489363,36,24481.613315
186.363693,40,24499.023118
187.983862,37,24515.434418
188.995442,38,24531.444379
186.17028,40,24548.049473
180.999499,47,24568.651414
186.57592,39,24586.141314
188.678428,37,24602.330298
184.751368,43,24621.31101
184.923126,42,24639.580631
185.949039,40,24657.259772
187.134016,41,24675.290881
188.725303,38,24692.154678
184.113518,43,24710.840828
188.353369,36,24727.33952
184.260829,45,24747.757647
183.13567,45,24767.494766
176.062967,57,24792.60567
183.624637,43,24811.08701
190.019669,36,24826.839226
185.720864,42,24845.510313
186.770304,39,24861.781661
183.188107,42,24879.569456
187.905094,37,24895.699243
187.037483,38,24912.483006
185.685451,40,24930.030345
183.667384,43,24949.219096
186.560877,39,24966.05829
186.459131,40,24983.696982
181.547661,48,25004.441853
183.918748,43,25022.841728
183.744915,44,25042.20742
188.926416,37,25058.430677
186.402569,41,25076.636486
186.797899,39,25093.54291
187.415767,38,25110.38782
188.979319,36,25125.931492
186.888483,41,25143.988554
164.099466,69,25174.319668
183.544976,43,25191.204772
187.488404,39,25208.429619
188.884829,37,25224.464717
171.82008,58,25250.447783
186.607113,39,25267.468392
183.370624,45,25287.097401
188.733243,36,25303.707135
187.723776,39,25320.754265
181.740366,47,25341.491949
188.347163,38,25358.165603
181.814057,52,25381.019588
189.306801,36,25396.331116
182.033296,46,25416.36644
183.30203,45,25436.109473
182.187438,46,25456.256718
185.848522,40,25473.699027
184.041559,42,25492.022514
185.135677,42,25510.652183
184.088885,43,25527.830353
188.05358,38,25544.064617
185.74118,42,25562.575392
188.436553,37,25578.843096
186.969878,39,25595.785486
184.4485,42,25613.916249
166.152571,69,25644.690741
186.662827,40,25661.942261
184.392575,42,25680.006206
185.422697,42,25698.423912
185.997708,42,25716.680314
187.502076,38,25733.497955
186.00996,40,25750.92237
188.316846,38,25767.185757
186.602569,39,25784.533809
185.123134,41,25802.562714
189.15746,36,25818.423032
188.599877,36,25834.059046
186.386925,40,25849.963927
184.538977,42,25868.298754
180.896486,45,25887.787747
187.87607,38,25904.849373
183.663719,42,25923.202262
186.722914,40,25940.794306
186.720917,40,25958.517776
189.821557,35,25974.342273
180.684517,46,25994.299272
187.605691,38,26011.012654
172.084346,58,26036.660539
182.968602,44,26055.355434
188.392386,37,26071.290035
181.892936,45,26091.35836
178.00961,50,26112.719128
168.835985,63,26140.367867
184.157146,42,26158.81993
185.51329,41,26174.834748
188.903372,36,26190.95086
183.25612,42,26209.429245
185.706059,45,26229.358314
187.67157,38,26245.940406
190.060698,34,26260.777601
186.314029,40,26277.953138
187.720327,39,26295.276898
189.473282,35,26310.173412
184.481432,41,26328.441973
169.935963,69,26358.530583
188.450432,36,26374.065695
187.724481,38,26390.939387
186.662614,40,26408.247341
188.039032,37,26424.411199
187.605631,38,26440.864594
185.662936,41,26458.63434
187.182349,39,26475.732149
174.004191,53,26498.226993
187.600667,39,26514.859293
183.96179,41,26532.666262
183.96501,43,26551.815143
186.369849,41,26569.515181
186.58329,42,26588.259009
189.309275,37,26604.556168
189.239796,36,26620.331828
188.061731,36,26635.831886
188.5124,38,26652.619872
187.306611,39,26669.875643
187.571099,39,26686.951349
187.321636,39,26703.628616
189.075331,36,26719.554133
189.650628,35,26734.598876
187.452046,37,26750.94786
186.504092,39,26768.025947
187.399397,40,26785.529482
188.211762,38,26801.943497
181.904027,46,26821.534268
185.063048,42,26839.156979
185.803991,40,26856.901268
189.432356,35,26870.398813
187.15281,40,26885.790594
185.270035,41,26901.560534
167.053671,67,26927.126273
188.895366,36,26942.938269
187.505856,39,26959.619081
186.43969,40,26977.17551
187.14553,40,26994.586088
185.314765,41,27012.833624
188.276389,37,27028.903443
172.43883,61,27055.512819
187.497769,38,27072.452421
170.209334,61,27099.351266
188.681768,36,27115.007629
189.123125,35,27130.779996
189.121775,36,27146.478029
187.173657,39,27163.707129
185.730795,40,27180.583773
183.301073,43,27199.455157
184.976655,41,27216.36207
181.90525,46,27236.711203
188.950978,37,27252.898162
188.98313,36,27268.776485
177.392812,51,27291.634286
188.769163,36,27308.195058
184.171889,42,27326.24982
188.995534,36,27342.510752
188.564061,36,27359.199823
186.865661,98,27404.042904
178.858045,52,27426.465542
171.506002,58,27451.681397
185.218028,41,27470.186289
186.880093,39,27487.266378
185.626121,40,27504.893026
188.744228,37,27520.984601
189.122626,37,27537.23124
186.072332,40,27553.555848
183.134023,43,27572.488612
186.233061,39,27589.642668
186.4599,42,27608.449309
186.905132,39,27625.829886
186.635202,38,27642.168518
188.498177,36,27658.115455
183.43931,43,27676.492126
169.612283,62,27704.185539
187.576701,37,27720.466343
172.644641,58,27745.298105
186.022576,38,27761.876397
184.067207,44,27780.993959
188.68914,36,27797.066291
188.349822,36,27812.760986
185.952744,39,27829.705994
186.307406,43,27848.278516
186.431925,39,27865.242246
189.222747,37,27879.795105
185.950135,39,27896.896232
183.692795,43,27916.05902
187.452517,39,27933.074411
176.615935,55,27957.091526
175.201012,57,27981.763098
186.053706,40,27999.116271
188.833368,36,28015.039101
188.462076,37,28030.95569
186.872247,39,28048.077573
169.080651,64,28075.806559
186.437877,39,28093.146074
170.469595,62,28120.257324
165.571603,69,28150.662903
188.192681,37,28166.897496
189.669578,35,28182.314585
190.209133,35,28196.05605
187.565247,38,28212.873605
187.491631,37,28228.930369
189.250319,36,28244.921099
183.344928,43,28263.450327
185.721239,40,28281.376198
185.951676,42,28299.913927
175.702069,55,28324.336687
183.857921,42,28342.648308
172.063091,58,28367.93499
186.674221,40,28385.466532
186.118935,40,28402.70186
182.718056,45,28422.601294
162.727679,78,28456.77863
182.367023,46,28477.01256
190.137606,34,28491.33568
185.921107,40,28509.060572
188.69649,36,28523.635791
188.695323,37,28539.578118
187.015174,39,28556.663267
159.853151,83,28593.210945
187.496436,38,28610.074962
179.601172,49,28631.266217
189.541843,36,28647.088503
189.281753,35,28662.322709
183.987095,42,28680.834752
188.92937,36,28696.606227
184.332977,41,28714.757591
155.761767,117,28765.83026
182.270083,46,28785.662646
189.062526,36,28801.758246
188.742191,39,28818.252434
184.569216,42,28836.990721
165.05016,70,28866.167658
177.501987,55,28890.22049
166.738315,81,28925.684279
186.40894,39,28942.798301
186.505111,39,28959.705222
183.997844,43,28978.439751
187.228257,38,28995.25687
168.947149,68,29025.146428
185.146014,41,29043.018309
189.409133,36,29058.718982
187.921462,37,29074.893369
167.967877,67,29104.820784
176.631826,53,29128.16638
186.460703,41,29145.726286
187.104105,38,29162.510987
187.587666,39,29177.83785
181.571098,44,29197.062345
186.870265,39,29214.095718
189.422301,35,29230.121573
188.057834,36,29245.99832
171.156617,63,29274.805035
184.69892,42,29293.871287
188.059914,37,29309.955906
187.334655,38,29326.755014
172.03741,62,29353.869412
185.214656,40,29371.14238
186.171008,40,29388.487659
171.890601,60,29414.710108
177.981649,53,29437.57497
165.069834,69,29467.676524
186.09569,41,29485.416395
184.511681,42,29503.01304
186.329324,40,29519.394302
188.317221,37,29535.663787
188.884351,35,29551.059904
187.051284,38,29567.601112
186.554097,40,29584.755347
180.954537,49,29606.492268
189.591873,35,29622.139883
187.946347,37,29637.917037
188.088394,39,29655.467064
183.982685,44,29674.794546
175.270231,63,29701.973999
176.95889,52,29724.815074
181.043115,47,29745.435801
188.923277,36,29761.307109
184.407993,42,29779.543283
188.362031,37,29795.813226
187.331638,38,29812.375117
186.787072,39,29828.895871
167.539004,66,29856.3011
189.085243,36,29871.976691
186.135937,39,29889.162281
187.185094,39,29906.460653
181.394511,45,29926.544376
185.391667,40,29943.719909
168.20975,73,29975.535881
186.142493,40,29993.195266
184.977941,41,30011.019018
187.449785,39,30027.809709
188.848951,43,30047.108066
185.271443,41,30064.815018
183.03163,44,30084.134257
185.079823,42,30102.506272
183.655527,43,30121.254521
189.542207,36,30137.036604
187.41182,37,30153.381519
188.281247,42,30170.134084
185.535263,40,30188.151139
187.688684,37,30204.134315
186.433716,40,30221.781403
186.606319,39,30238.603129
188.866841,36,30254.174605
187.396936,37,30270.15432
189.643309,35,30285.416312
188.779926,36,30300.908963
185.82696,40,30318.891201
188.643578,36,30334.43077
184.522632,41,30352.734043
185.59246,40,30370.485822
182.122053,44,30389.666244
188.90218,37,30405.94365
189.725148,35,30421.291687
189.570387,36,30437.01383
169.277735,71,30468.274401
184.333661,43,30486.052883
184.317516,68,30514.748354
187.334488,40,30532.617148
164.528084,77,30566.471232
188.44917,39,30583.655355
189.632276,35,30598.99269
175.905569,60,30625.011101
179.272782,50,30647.283499
177.313896,57,30672.401647
188.852913,36,30688.440617
187.890629,38,30705.334277
189.166184,35,30720.667545
186.647637,39,30737.89482
185.60685,40,30755.519519
184.968923,41,30773.932065
188.364235,36,30789.362242
187.901543,38,30806.235047
187.553937,37,30820.50799
180.868515,46,30840.557115
182.183693,43,30857.745693
187.344338,38,30872.362666
185.63282,39,30887.407692
189.207365,35,30900.899091
186.042635,39,30915.671053
183.759263,43,30934.678407
179.162045,50,30956.695356
189.714598,35,30972.505607
180.410476,48,30993.596555
187.436419,38,31009.867894
189.775063,35,31025.425602
183.513199,42,31043.886267
176.236774,54,31068.081061
186.535832,39,31085.299618
184.902397,41,31103.614424
187.870731,38,31120.064554
185.028325,41,31138.025893
170.445821,59,31163.743798
188.890167,36,31179.546017
187.656249,37,31195.680329
188.951376,36,31210.047027
184.214854,41,31228.270865
186.508639,39,31243.702705
185.047858,42,31257.69753
188.584554,37,31270.07081
189.545256,35,31281.757674
189.241855,36,31293.825261
186.374765,39,31306.983429
185.129706,40,31320.139753
188.738682,36,31332.198287
188.10749,36,31344.321109
186.366298,38,31356.93957
185.721013,40,31370.214949
168.678842,67,31392.481511
185.481028,41,31406.119841
181.835282,46,31421.42584
174.47576,57,31440.036529
189.040589,36,31451.875233
178.961748,51,31468.59341
184.417319,41,31482.07508
181.372563,47,31497.715266
189.883765,36,31509.553943
188.770336,38,31522.040626
184.067191,43,31536.359834
187.859768,38,31548.875111
189.513411,35,31560.471921
188.232325,37,31572.888535
187.395009,38,31585.452139
186.391238,39,31598.473184
189.154016,36,31610.432356
181.562662,46,31625.588298
186.468836,39,31638.358256
176.801306,51,31655.429609
180.913405,45,31670.334925
179.533054,47,31686.108269
188.322099,38,31698.758008
185.481389,39,31711.736644
188.604616,36,31723.550588
186.927556,37,31736.000838
186.539203,38,31748.718481
184.53265,42,31762.719864
185.660103,42,31776.541437
186.069772,39,31789.676681
189.929727,34,31800.944135
188.630267,36,31812.792472
188.957257,37,31824.944317
185.341625,40,31838.128283
187.939869,37,31850.529556
188.320621,36,31862.397641
189.730041,34,31873.631625
187.481902,38,31886.232137
181.257817,46,31901.510029
176.197465,53,31919.220652
189.398456,35,31931.01464
187.987,36,31943.039273
184.679129,41,31956.914704
188.276002,38,31969.6737
184.170393,42,31983.697506
183.737406,44,31998.373051
187.183395,38,32011.064142
189.577935,37,32023.387182
185.756525,40,32036.615266
189.806734,35,32048.226097
186.537532,40,32061.394971
184.883206,41,32075.100531
181.740131,44,32089.567756
188.449792,37,32101.820807
189.314572,35,32113.509316
187.425381,39,32126.499342
187.203031,38,32139.034459
188.620911,37,32151.417233
187.032326,39,32164.477722
189.410048,35,32176.138369
187.571756,38,32188.856548
182.113106,44,32203.535724
188.692593,36,32215.442497
185.194311,46,32230.681467
188.857903,37,32242.842391
187.966111,37,32255.231121
188.52494,37,32267.365156
186.558099,41,32281.061892
186.094846,39,32294.068471
183.416633,42,32308.173043
188.894674,35,32319.828082
187.829957,39,32332.764117
184.198875,42,32346.718145
188.887659,36,32359.082025
179.030268,50,32375.670783
187.407425,38,32388.42743
189.468134,35,32400.155473
174.725733,53,32417.684911
184.85803,41,32431.192504
187.445278,38,32443.842412
189.428349,35,32455.387518
186.75079,38,32467.954599
187.300566,37,32480.099777
190.50233,33,32490.963103
185.040417,40,32504.12127
187.478696,39,32517.202351
184.805726,42,32531.219373
189.654326,34,32542.483498
188.373526,38,32555.248874
187.467982,37,32567.564035
187.669072,38,32580.128995
189.831328,35,32591.841322
189.233697,35,32603.553992
188.539958,36,32615.407689
187.539656,37,32627.839626
189.277121,35,32639.43187
169.223176,64,32660.527066
186.729707,39,32673.23532
189.582102,35,32684.78339
185.431188,41,32698.506403
189.0763,35,32710.004137
182.36212,44,32724.453183
186.712048,40,32737.732479
187.190601,38,32750.437298
189.07905,36,32762.49662
189.006728,36,32774.572006
188.49775,36,32786.684166
169.477072,61,32807.083261
187.164381,38,32819.807947
183.37743,45,32834.706022
183.708871,43,32849.100467
187.934356,38,32861.597494
188.82702,36,32873.512512
167.651211,63,32894.573441
185.13527,41,32908.162146
188.685189,36,32920.098472
184.535987,41,32933.647551
182.163051,44,32948.198518
185.392298,40,32961.526906
188.724736,36,32973.547712
189.568622,35,32985.147031
183.498123,43,32999.374824
185.366204,41,33012.987684
182.089703,43,33027.399171
182.145056,44,33042.125891
185.47896,41,33055.84581
188.692248,36,33067.752132
188.716803,36,33079.796448
188.442567,36,33091.678743
188.236679,37,33104.043007
187.934231,38,33116.745503
188.361006,37,33129.042841
184.013633,45,33143.953248
188.286316,36,33155.879057
174.971723,54,33173.950432
184.802922,42,33187.729892
189.444981,35,33199.274249
184.939944,41,33212.731537
183.400285,42,33226.796568
188.026294,37,33238.957702
182.23625,43,33253.134134
187.418499,37,33265.332604
185.650421,39,33278.182159
186.203223,40,33291.495234
188.819964,36,33303.554518
187.198858,38,33316.253007
188.49668,36,33328.24225
186.292923,39,33341.22674
187.722776,38,33353.765996
182.877104,43,33368.1188
186.30293,41,33381.7615
185.656339,40,33394.923656
176.959867,53,33412.569276
186.040186,40,33425.791406
186.437966,40,33439.212973
183.521322,44,33454.019324
166.082176,65,33475.710991
184.4328,42,33489.789543
188.457636,36,33501.733005
187.656777,38,33514.465303
181.809631,45,33529.478761
184.037619,43,33543.739543
189.178067,35,33555.424664
187.72968,39,33568.48595
184.431506,42,33582.263752
183.477579,43,33596.427973
186.900754,38,33609.127933
170.418987,58,33628.196233
175.83031,55,33646.636494
190.341226,33,33657.502887
182.935247,44,33672.0721
186.900629,38,33684.565241
189.182982,35,33696.206112
182.258852,43,33710.391498
183.273235,44,33725.08437
189.76394,35,33736.798806
185.094285,42,33750.777838
185.666099,40,33764.091302
185.208668,40,33777.453376
189.99908,34,33788.863329
183.644145,43,33803.32149
185.498704,40,33816.776253
190.408913,36,33828.759056
188.689585,36,33840.836055
189.348656,36,33852.909103
190.213818,36,33864.799139
190.23952,34,33876.178931
179.789289,45,33891.037793
188.61797,35,33902.708289
186.825168,39,33915.73728
186.501698,39,33928.741172
186.603679,38,33941.25635
189.369211,36,33953.150376
186.530178,38,33965.713496
180.584969,47,33981.425709
190.176049,33,33992.483866
185.13593,42,34006.551418
186.767722,38,34019.302265
183.251915,43,34033.567487
185.929671,39,34046.470848
189.608098,35,34058.160194
187.567301,37,34070.436955
186.592543,39,34083.327868
188.78561,36,34095.228632
183.144099,44,34109.866749
189.112498,34,34121.066284
184.700755,41,34134.556349
187.955802,37,34146.797436
189.809721,34,34157.965576
188.194884,36,34169.938303
188.99275,36,34181.760676
186.126026,39,34194.687112
182.337195,45,34209.517908
186.54814,38,34222.151597
187.232673,38,34234.904095
183.606575,43,34249.217443
188.888007,36,34261.276426
181.667511,44,34275.859995
170.23966,61,34296.112986
182.922551,43,34310.466453
184.293686,42,34324.498008
189.948064,34,34335.705492
185.427564,40,34349.072162
160.087558,80,34375.656948
164.351445,72,34399.354637
175.395666,54,34417.440252
190.683229,33,34428.502789
180.267141,46,34443.718798
186.387968,39,34456.757699
182.584074,43,34471.077636
188.709332,35,34482.684242
186.838877,38,34495.339876
183.982481,42,34509.198612
189.567818,34,34520.422486
184.95206,41,34534.11132
187.470402,37,34546.471258
188.04332,37,34558.875274
184.185784,43,34573.050241
182.477223,45,34587.875668
188.06702,36,34599.852736
185.536078,40,34613.213065
186.142549,39,34626.308171
186.767291,39,34639.108829
185.847749,40,34652.407429
187.881753,37,34664.815744
182.511138,44,34679.740225
186.444666,38,34692.214051
188.08428,36,34704.228768
176.140281,54,34722.18482
184.121269,43,34736.516414
190.219506,33,34747.36417
188.5648,36,34759.365304
187.856956,36,34771.436984
189.360418,35,34783.120284
189.56538,35,34794.694452
189.677239,34,34805.951954
184.39219,42,34819.806055
188.458352,36,34831.739592
188.642694,36,34843.722837
186.001578,40,34856.814644
169.332287,59,34876.343003
188.679918,36,34888.23208
188.300872,37,34900.595544
186.521168,39,34913.50881
171.036302,59,34933.228299
187.981497,37,34945.614771
187.031566,38,34958.112002
186.811223,39,34970.975328
186.218527,38,34983.642394
146.500071,109,35020.041245
189.186425,35,35031.684078
188.557683,36,35043.779899
179.247184,49,35060.092466
185.332937,40,35073.31423
186.333401,39,35086.187701
188.05114,38,35098.683081
185.258605,40,35111.969037
186.394465,39,35125.043748
189.703501,35,35136.687241
189.923913,34,35147.990239
186.999576,39,35160.908033
188.544358,37,35173.062618
187.507855,37,35185.300991
187.748395,38,35197.735947
185.263607,40,35210.995592
187.620622,38,35223.49197
186.761389,39,35236.331232
189.240271,35,35247.86407
167.595024,63,35268.538622
189.033528,35,35280.146891
184.66601,41,35293.671574
184.068101,42,35307.576652
188.31264,36,35319.472268
185.026284,42,35333.47823
186.331151,39,35346.446913
186.536264,39,35359.489197
189.757441,35,35371.234424
185.475636,40,35384.571368
188.660398,36,35396.507647
183.977612,40,35409.735267
187.793314,37,35421.955163
183.976111,42,35436.042274
185.906992,39,35448.941554
186.420584,39,35461.924754
187.557147,37,35474.169351
182.186845,44,35488.750294
183.952562,42,35502.593825
187.022882,38,35515.132568
184.829079,41,35528.778731
187.175778,39,35541.676242
181.122772,45,35556.807408
184.60808,41,35570.30333
184.147331,43,35584.685928
184.633212,41,35598.348008
183.403989,43,35612.449043
188.849293,36,35624.221122
188.775472,37,35636.451157
187.806904,37,35648.583708
184.873848,40,35661.674138
184.252815,42,35675.535566
183.080273,43,35689.636612
189.252589,35,35701.235705
183.175374,44,35715.805817
183.571226,43,35729.903812
185.79489,40,35743.050097
168.237212,62,35763.713213
187.489721,38,35776.375461
186.376268,38,35789.073681
188.235031,36,35801.119877
184.391076,42,35815.174832
186.812895,39,35828.173833
177.717656,49,35844.199716
189.652833,35,35855.851502
182.940747,42,35869.886387
189.21379,35,35881.474803
188.559405,36,35893.40837
187.362173,38,35906.080596
185.375733,41,35919.569707
188.247486,36,35931.466938
189.112933,35,35943.058808
186.15935,39,35956.14191
189.977959,34,35967.403526
188.321527,37,35979.815519
188.013742,37,35992.188722
189.552525,35,36003.853903
184.469652,41,36017.335322
188.103914,37,36029.698204
188.111225,38,36042.286529
183.836436,43,36056.700197
187.433989,38,36069.302652
187.716411,36,36081.255229
186.893422,38,36093.874417
184.608398,40,36107.221623
190.306283,33,36118.266339
189.407302,35,36129.765249
183.248349,44,36144.484687
187.714017,37,36156.844538
190.509642,33,36167.777372
189.416827,35,36179.435781
183.631976,42,36193.233034
188.309798,36,36205.240901
185.494479,41,36218.889055
188.483051,36,36230.794824
189.627822,35,36242.245556
183.597996,42,36256.066316
189.840015,34,36267.45014
185.779596,39,36280.399472
187.628139,38,36292.851207
189.522617,35,36304.458565
183.762764,43,36318.89643
186.706725,39,36331.802524
189.127253,35,36343.460608
190.285128,34,36354.839175
190.339362,33,36365.881427
189.158697,36,36377.863342
187.350723,38,36390.320024
184.000998,42,36404.473053
189.378893,35,36416.21267
190.155925,33,36427.188869
188.005252,37,36439.429379
185.233045,40,36452.599816
186.449933,39,36465.645865
184.551971,41,36479.117265
185.908284,40,36492.444658
185.303314,40,36505.814706
189.962859,33,36516.849877
185.966129,40,36529.974551
187.596559,37,36542.247914
190.122559,33,36553.071368
189.615254,35,36564.584129
189.015764,35,36576.2303
189.530386,34,36587.558825
189.06247,37,36599.93282
188.17056,36,36611.771207
190.026177,34,36623.00201
167.478115,63,36643.830655
185.560617,40,36657.226451
185.671462,40,36670.427883
182.34181,43,36684.735649
187.270531,38,36697.244997
187.715268,38,36709.787382
184.887611,41,36723.341664
188.039343,38,36736.029195
190.18741,34,36747.334802
165.374974,67,36769.332734
182.98734,42,36783.156877
187.249762,38,36795.613193
184.996494,41,36809.092747
185.479393,40,36822.468642
184.416179,42,36836.299891
187.609756,38,36848.8419
186.25386,39,36861.818712
163.741514,66,36883.698708
188.653257,35,36895.462517
183.258667,43,36909.713175
186.646284,38,36922.214473
189.138603,35,36933.728816
186.26968,39,36946.573386
182.962431,43,36960.874202
185.575145,40,36974.195829
188.28795,37,36986.561545
190.535976,33,36997.538307
189.859383,34,37008.796967
186.488479,39,37021.764665
189.988124,33,37032.650142
187.589839,37,37045.006955
165.421922,64,37066.037566
185.996312,39,37079.095942
188.088218,36,37090.885535
189.406124,35,37102.503538
187.48887,38,37115.251343
188.372745,37,37127.439213
185.812498,39,37140.361395
163.909781,68,37163.139472
189.128337,36,37175.166464
184.825634,42,37189.212184
186.843579,38,37201.906134
186.388707,39,37214.83175
187.832288,37,37227.236288
187.329539,37,37239.553072
183.369404,43,37253.803469
186.343266,39,37266.894437
187.484071,38,37279.466868
187.190329,38,37292.03847
189.450841,34,37303.25168
187.861625,38,37315.880205
185.890266,39,37328.849495
186.307774,39,37341.882943
185.032822,41,37355.607691
182.741583,45,37370.391491
190.078806,34,37381.499672
189.095485,34,37392.594688
190.376231,33,37403.464828
190.042918,34,37414.591883
189.479988,35,37426.090416
186.196026,39,37439.115954
188.789828,35,37450.608203
184.124011,41,37464.318425
186.717372,38,37477.032378
181.929533,44,37491.542184
187.783363,37,37503.908674
185.430345,40,37517.184838
188.978031,36,37529.132156
187.464905,38,37541.715166
187.185997,38,37554.453981
187.251913,38,37567.022923
189.766851,34,37578.227297
186.008522,39,37591.170322
189.923597,34,37602.366527
189.467156,35,37614.137481
186.852282,38,37626.869162
187.800012,38,37639.562503
188.911775,37,37651.848643
188.597091,36,37664.244958
188.744815,37,37676.672264
189.751093,35,37688.269666
187.994261,36,37700.189677
187.039324,38,37712.9733
187.439339,38,37725.500508
189.867524,34,37736.795831
187.183903,38,37749.534488
181.574361,43,37763.810364
188.058922,37,37776.161487
167.863699,64,37797.426017
182.669833,43,37811.886872
189.254324,37,37824.098815
184.988794,41,37837.76835
188.039542,36,37849.662219
189.993893,34,37860.838042
184.875737,41,37874.450249
188.981605,35,37885.980582
179.81962,46,37901.226661
190.244845,33,37912.145066
189.870756,34,37923.481606
189.403665,35,37935.23709
190.485192,34,37946.43261
189.839558,34,37957.848968
186.90386,38,37970.520674
189.697095,34,37981.638684
186.171363,40,37994.96191
188.819132,36,38007.015268
182.654023,44,38021.564948
187.444967,38,38034.219536
187.813776,37,38046.520156
185.584073,39,38059.573372
185.674251,40,38072.867098
175.068667,55,38091.055698
183.545584,43,38105.194615
188.559047,36,38116.98807
186.753032,40,38130.221653
189.837206,34,38141.497713
188.804867,36,38153.282513
188.185339,36,38165.318521
188.110652,36,38177.352528
187.044754,39,38190.090707
181.788028,44,38204.641624
188.579662,36,38216.583635
187.656814,38,38229.027259
189.073045,36,38240.854353
189.361433,34,38252.134496
185.122132,40,38265.507815
186.838294,37,38277.937357
185.952145,39,38290.7882
189.398753,34,38301.952816
177.167024,50,38318.346958
185.000164,40,38331.510055
188.755487,36,38343.488639
190.298947,34,38354.846529
188.522676,37,38367.072426
187.301593,37,38379.384257
188.638905,36,38391.362586
188.401494,36,38403.43563
177.416546,52,38420.849061
182.626135,43,38435.183648
189.041108,35,38446.976282
188.393195,36,38458.988692
189.582245,35,38470.649305
189.84409,34,38481.956211
167.96232,60,38501.87612
188.263297,36,38513.967223
187.880672,36,38526.058218
189.04987,35,38537.625628
188.134046,37,38549.892802
175.643557,55,38568.223506
184.669168,41,38581.878266
189.889726,34,38593.172191
184.058715,42,38607.289733
187.603795,37,38619.541403
190.455148,33,38630.433223
185.874348,40,38643.824539
186.400155,39,38656.664881
167.893047,62,38677.137157
189.03676,35,38688.797767
188.687566,36,38700.742589
189.173729,34,38711.996427
184.926703,41,38725.711628
183.565383,42,38739.586307
181.935079,44,38753.983858
185.913311,39,38767.006647
180.972339,45,38782.023982
183.423548,46,38797.093713
185.154865,40,38810.358601
188.090094,36,38822.431032
175.458442,53,38839.952084
188.428381,36,38851.88154
185.671372,39,38864.882119
186.543789,39,38877.973423
186.097809,39,38890.947389
190.175337,34,38902.222488
187.228344,36,38914.154083
183.263907,43,38928.277101
190.252908,33,38939.111396
189.182521,36,38951.028758
189.327955,35,38962.574434
183.265691,43,38976.687106
190.485001,33,38987.715315
186.58723,39,39000.772501
184.448126,41,39014.349135
186.373181,38,39026.892261
182.310108,44,39041.342278
186.593658,38,39054.073071
187.441753,37,39066.409715
180.051695,46,39081.625218
183.720237,43,39095.803733
168.171286,62,39116.30037
171.501428,57,39135.164675
187.286953,38,39147.71551
185.015706,41,39161.02947
189.224641,35,39172.723018
184.599633,41,39186.403948
189.512524,34,39197.608532
185.976184,39,39210.435933
189.498707,35,39221.916586
184.780253,40,39235.130826
186.825847,38,39247.750572
183.415534,44,39262.318132
190.181356,33,39273.382076
188.229516,37,39285.644616
184.659051,40,39298.815695
190.297316,33,39309.773279
187.28259,37,39322.176618
189.6117,34,39333.572135
189.632417,35,39345.11811
189.343022,35,39356.722236
184.783949,41,39370.232123
187.083319,38,39382.837778
183.483335,44,39397.297437
189.042193,35,39408.836914
189.920681,33,39419.840082
188.736515,36,39431.860185
184.572127,41,39445.499006
188.260418,36,39457.559031
190.309594,33,39468.369639
185.800227,39,39481.456842
187.902746,37,39493.810866
182.761613,44,39508.345994
189.433983,35,39519.821192
186.557226,39,39532.844837
188.866161,36,39544.813254
188.600438,36,39556.895968
186.989202,38,39569.488286
186.63933,39,39582.405926
188.597578,36,39594.32638
188.712967,38,39607.041407
153.637296,93,39637.962816
126.79612,132,39681.74588
185.062684,40,39694.886009
181.096181,47,39710.489932
184.007087,42,39724.566745
180.59106,48,39740.579561
190.681714,33,39751.54704
180.544695,47,39767.065765
190.133123,35,39778.687138
184.974851,39,39791.422238
188.011628,36,39803.41426
186.289419,39,39816.390869
185.531799,40,39829.468894
184.779534,40,39842.782348
188.263179,36,39854.717627
188.221087,36,39866.621158
189.745946,34,39877.796664
189.130053,34,39888.908369
189.378877,34,39900.282245
185.812188,40,39913.493235
179.973948,48,39929.325027
189.011644,35,39940.833587
188.483295,35,39952.470515
188.652339,35,39964.056695
186.229065,39,39977.069815
186.090208,39,39993.354792
185.17608,40,40011.378288
189.376901,34,40025.68153
188.692085,36,40041.306499
186.459534,38,40057.824909
186.250399,38,40074.091405
177.948014,52,40097.093202
186.708708,38,40113.474345
189.133042,35,40129.11161
190.0251,34,40143.684007
189.573952,35,40158.97213
186.182628,39,40175.8106
184.410418,41,40194.038868
185.404821,40,40211.82371
174.994588,56,40236.987322
187.589658,37,40252.962253
190.24815,33,40267.582343
187.361474,37,40283.497438
183.515486,41,40301.622242
188.442054,37,40318.080932
190.180066,33,40332.725873
183.868023,41,40350.611921
186.455155,38,40367.243841
188.929344,35,40382.539083
187.794146,38,40399.198697
185.974751,39,40416.197328
186.93613,38,40433.006676
186.001067,39,40450.229832
188.351025,36,40466.149282
182.55344,43,40485.016242
190.021617,33,40499.621913
184.15594,42,40518.476607
189.477525,34,40533.246548
186.573423,39,40550.258779
189.011288,35,40565.392522
184.91714,40,40583.06731
190.51493,33,40597.760178
185.00192,41,40615.544702
187.43475,38,40632.603884
188.753227,36,40648.251626
190.251808,33,40663.313634
186.858314,38,40679.602263
183.287351,44,40697.308045
185.274059,40,40714.677845
189.374088,34,40729.612736
188.042677,36,40745.660802
189.553371,35,40760.882098
186.891363,37,40777.05163
189.676606,33,40791.413313
174.413351,57,40816.637758
188.725097,35,40832.109754
190.757493,32,40846.095923
181.300112,44,40866.33911
190.165634,33,40881.859354
190.438091,33,40896.96514
190.400269,32,40911.946337
184.989745,40,40929.55679
187.540982,38,40946.54198
188.535451,36,40962.18052
189.553703,35,40977.944923
189.725624,34,40993.079168
187.993761,36,41009.021909
168.436421,61,41035.563219
183.74126,42,41053.628453
183.801507,41,41071.849365
184.030901,43,41090.825735
189.831623,34,41105.850013
188.611008,36,41121.703167
187.016395,38,41138.142082
187.222506,38,41154.699769
187.660051,38,41171.142253
187.486493,38,41187.983553
189.929238,34,41202.999439
189.581069,35,41218.250459
176.076432,51,41240.868178
188.012974,36,41256.378335
185.054317,40,41273.700363
189.877148,34,41288.908669
186.20048,39,41305.457941
185.997581,37,41322.162216
189.280802,34,41337.187979
184.47435,41,41355.542254
169.549925,58,41380.926264
183.472008,41,41398.838947
189.226588,35,41414.289385
188.851646,35,41429.780105
186.542019,39,41447.124842
188.405339,37,41463.522198
183.806933,43,41482.706138
186.249299,39,41499.602556
190.196003,34,41514.517736
190.443169,33,41528.90865
175.383133,54,41552.528362
186.343376,39,41569.603197
181.147831,45,41589.250537
187.292673,38,41606.033447
189.234132,35,41620.888477
177.497314,48,41642.314902
187.430245,37,41657.77893
187.09846,37,41671.989612
183.065249,43,41688.415071
184.486043,40,41705.732759
188.866574,35,41721.118097
187.690444,37,41737.734729
164.524293,67,41767.271383
187.278727,38,41784.151097
187.074308,39,41801.134386
187.115418,38,41817.538254
184.303469,40,41835.262119
184.684069,43,41854.462442
186.765312,38,41871.447126
188.224443,36,41887.373246
189.443728,34,41902.240536
168.114667,61,41929.082877
190.054971,33,41943.555624
188.528843,36,41959.602565
184.179175,42,41977.513994
182.322443,43,41996.045653
183.673746,42,42014.099473
183.561905,42,42032.527253
173.273919,56,42056.670139
183.592311,42,42075.157208
190.10848,33,42089.954099
190.639457,32,42104.221839
186.824094,38,42121.031586
188.389597,36,42136.776078
185.971221,39,42153.710331
185.139698,40,42170.927256
185.204265,40,42188.473291
188.908056,35,42203.385652
185.627254,40,42221.203596
169.786999,61,42248.247364
189.047229,36,42263.945545
183.915602,42,42282.272207
189.051051,36,42297.527181
189.152877,35,42311.831041
187.547736,37,42328.164095
186.5345,39,42345.00813
187.976767,36,42361.136557
188.762092,36,42376.818982
187.836295,37,42392.759072
190.086986,33,42407.236288
182.96664,43,42426.599775
184.309761,42,42444.890398
189.325813,34,42459.564347
185.706167,39,42477.04729
183.621015,42,42495.354271
184.422297,41,42513.585924
186.02493,39,42530.782278
187.602378,37,42546.877184
186.063149,40,42564.29588
186.728155,37,42580.563251
189.222237,35,42595.7999
186.032082,39,42613.058214
189.061564,35,42626.642322
187.500664,37,42643.138385
189.197729,35,42658.967651
187.289357,37,42675.853198
185.54645,40,42693.231185
189.33269,35,42708.740457
188.287635,36,42724.298689
185.485015,39,42741.501528
188.927003,35,42756.653873
186.631777,39,42773.886267
184.208903,42,42791.916662
189.247956,35,42807.12208
184.078935,41,42824.973431
190.060793,33,42839.499048
186.315863,39,42856.643418
186.668089,38,42873.155954
189.335979,34,42888.143454
186.503893,38,42904.746221
187.956227,37,42920.714329
189.796639,33,42935.30414
190.522208,33,42948.615672
187.823132,35,42962.804126
185.332941,40,42980.639448
187.141413,39,42996.099993
184.49333,41,43011.785975
186.135223,39,43026.725141
184.655826,41,43042.574755
187.97106,37,43056.225248
182.146544,43,43074.165775
169.9961,60,43100.621957
179.627426,47,43121.466318
189.670383,33,43135.934299
183.042665,43,43154.764817
187.688806,36,43170.402189
184.029444,42,43188.604495
190.183527,33,43203.308062
187.796479,37,43219.321251
188.693839,35,43234.512218
186.314106,39,43251.543375
188.088958,37,43267.650852
190.395475,33,43282.210257
186.546741,38,43298.907136
187.237566,38,43315.4908
190.120257,33,43330.115779
184.319042,42,43348.242571
189.678586,34,43360.828597
185.438373,40,43378.339891
183.809561,42,43396.273208
187.841441,37,43412.638358
185.492978,39,43429.416557
190.337104,33,43443.729728
186.811889,38,43460.045663
183.157933,43,43478.97122
186.719345,39,43495.878969
185.324243,39,43512.938293
185.482188,40,43530.448712
190.458368,32,43544.756847
185.780988,39,43561.646449
182.880582,44,43580.526222
188.179921,36,43596.74125
186.169775,39,43614.414421
189.227271,35,43629.984445
187.699496,37,43645.829273
181.885555,45,43665.541555
190.566289,33,43679.387414
169.500496,60,43703.273677
185.948975,37,43719.394311
188.817487,36,43734.863137
184.812441,40,43752.5343
186.561368,38,43769.221162
189.467384,34,43783.765603
186.119607,39,43801.60622
184.361515,41,43819.432828
190.762434,32,43834.035135
181.354933,44,43853.037136
180.271043,45,43873.026219
181.898665,43,43891.631945
184.277167,42,43910.440562
187.477329,37,43926.467417
185.030786,41,43944.173114
183.252395,43,43963.499375
184.729215,40,43980.773592
188.919764,35,43996.127667
190.585776,32,44009.293786
187.262279,38,44022.964278
186.625598,38,44039.79795
187.996454,37,44055.666323
188.480042,36,44071.359785
187.984858,36,44086.874316
189.805998,34,44101.623631
187.852313,37,44117.694264
187.276576,37,44133.831159
183.555195,43,44152.529056
185.501612,40,44169.908893
183.737161,42,44188.241385
190.307977,33,44202.999579
187.548783,37,44218.846072
188.754587,35,44234.392063
188.303145,36,44249.469955
187.450452,38,44266.244416
186.000004,39,44282.970283
190.114968,33,44297.63107
185.501441,40,44314.719392
183.310043,42,44333.160489
187.755459,38,44347.847516
188.191152,36,44361.66114
188.464066,36,44377.430963
186.816927,38,44393.642049
184.014557,42,44411.954909
186.180412,40,44429.412654
187.621303,37,44445.911813
188.040713,36,44461.417282
178.476636,50,44483.220682
185.930388,39,44501.545388
185.143621,40,44519.937467
181.765575,44,44540.460633
188.939105,38,44556.546921
184.941104,40,44574.105889
184.467302,41,44591.887613
179.339043,48,44613.269463
188.68027,35,44628.391407
187.357355,37,44644.877119
189.905592,34,44660.178393
184.774894,42,44678.541935
187.511372,37,44693.20847
186.102519,39,44707.308104
188.042635,35,44722.567069
188.011952,36,44737.867017
190.592138,32,44750.197237
188.510663,36,44764.066203
188.288909,36,44777.99085
190.009479,34,44790.953796
184.095505,42,44807.192656
188.89526,35,44820.627912
185.004116,40,44836.005173
188.834457,35,44848.407319
183.861604,41,44863.669578
190.100203,33,44878.13624
189.817438,39,44895.089419
187.224922,36,44911.075824
185.245534,40,44928.433543
187.685939,36,44944.546276
185.317816,41,44962.720306
188.825821,35,44978.318998
186.282605,38,44995.104599
188.098194,35,45010.358244
183.047439,42,45028.698949
188.363061,36,45044.517243
